Yl5GW2dfWGVxZQcP,YXUHRmkDV3FmdXVgbmIGZA==,YXRGQ2d0bXJQU0dAUF0Df2ZjdmRwQw4P,YXVaW2oAbXdQWmIP,VmRoY2VfZgNgfENZbWVWZWpFfXBxZQ4P,YXJwAHFzCQ4=
YgBkW2lfcmlgfHFYV15eWA==,UF9gG1dqfnhXX2FdUnRoXGZ0XFxrBmp2Vl1gBFV0UF5obGUFd2IPCQ==,UF54G2Z6ckllBVdFYQAHTldlfWNxZQ4P,UF13d1ABfmVrbGlIYQFoB1dkZl1RbHlkbWtoTmYAfWM=,,
UF9gG1dqcnVxZQcP,UFhgB1ABcklXbHIP,UGZgG1B6cklXbGlFUGVKBldcfhxWQw4P,UF9gA1BcfllWbHlFUGsGZA==,UF54UFBcfmVXbGlIYQFCZldqfklxZQ4P,UF54UFBcfmVXbGlIYQFCZldqfklxZQ4P
UF9gG1dqcnVxZQcP,UFhgB1ABcklXbHIP,UGZgG1ABcklXbHFFUGR4TldffkFWQw4P,UF54WlV6fllkB2lFUGsGZA==,UF54B1UBUFllBwpFUGtoZldZZnFxZQ4P,UF54B1UBUFllBwpFUGtoZldZZnFxZQ4P
UF9gG1dqcnVxZQcP,UFhgB1ABcklXbHIP,UGZgG1ABcklXbHFFUGR4AldffkFWQw4P,UGt4XldccklgB2VFUGsGZA==,UFhgUFBcfnVUbHFIYQJKZlB1fnFxZQ4P,UGt4G1ABcllQbFtFbmtCZldeZllxZQ4P
UF9gG1dqcnVxZQcP,UFhgB1ABcklXbHIP,UGZgG1ABcklXbHFFUGR4BVdqfhxWQw4P,UF9gXlUBfllRbHFFUGIGZA==,UGR4dlBqcmVlB3UDYQJKTg==,UGR4dlBqcmVlB3UDYQJKTg==
UF9gG1dqcnVxZQcP,UFhgB1ABcklXbHIP,UGZgG1ABcklXbHFFUGR4Q1deZhxWQw4P,UF9gTldqfnVkB3FFUGIGZA==,UF9gWldqcnVWbGEDYQJKBw==,UF9gWldqcnVWbGEDYQJKBw==
UF9gG1dqcnVxZQcP,UFhgB1ABcklXbHIP,UGZgG1ABcklXbHFFUGVKBldcfl1WQw4P,UGVgZlcBcklxZQcP,UGR4B1dqckRwfGkAbmIGZA==,UGR4ZlBqflRwfHVIZUQGZA==
UF9gG1dqcnVxZQcP,UFhgB1ABcklXbHIP,UGZgG1ABcklXbHFFUGVKTFdffkFWZQ4P,UGR4dlV6UEllB3lFUGsGZA==,UGt4G1UBfnVgB2lFZQB4ZldeZnFxZQ4P,UGR4dlV6cnVobApIUGsHZlB6fgRxZQ4P
UF9gG1dqcnVxZQcP,UFhgB1ABcklXbHIP,UGZgG1ABcklXbHFFUGVKBldcfllWQw4P,UGVgdlABcklXbHIP,UF17ZHBjCQ4=,UF17ZHBjCQ4=
UF9gG1dqcnVxZQcP,UFhgB1ABcklXbHIP,UGZgG1ABcklXbHFFUGt4TFdffgRWQw4P,UGR4UFcBcklXbHFFUGIGZA==,UGR4dldccnVlBwpFUFR8H1B6fWNxZQ4P,UGR4dldccnVlBwpFUFR8H1B6fWNxZQ4P
UF9gG1dqcnVxZQcP,UFhgB1ABcklXbHIP,UGZgG1ABcklXbHFFbmR4BldcfhxWQw4P,UGVgB1cBcklXbHIP,UGt4XlV6ckllB1cDYQFoQw==,UGt4XlV6ckllB1cDYQFoQw==
UF9gG1dqcnVxZQcP,UFhgB1ABcklXbHIP,UGZgG1ABcklXbHFFUGVKBldcfl1WZQ4P,UF9gZlcBcklxZQcP,UF54XlUBcnhwfFtFYUQGZA==,UF54XlUBcnhwfFtFYUQGZA==
UF9gG1dqcnVxZQcP,UFhgB1ABcklXbHIP,UGZgG1ABcklXbHFFUGtCTFdffhxWQw4P,UGt4dlB6cmVXbHIP,UF9gA1Z6cklobHoP,UGt4ZlBcfllQbHoP
UF9gG1dqcnVxZQcP,UFhgB1ABcklXbHIP,UGZgG1ABcklXbHFFUGtCTFdeZhxWQw4P,UF54WlBccllXbHIP,UF54ZlZ6cklobFcDYQF4Qw==,UF54RldqfklUbGEDYQF4Qw==
UF9gG1dqcnVxZQcP,UFhgB1ABcklXbHIP,UGZgG1ABcklXbHFFUGVKTFdffkFWBmVYd2IGCQ==,UF54UFcBcnVQbGFFYQFoZlB1fgBxZQ4P,UF54ZlABcllobEdFbmVwZldffl1xZQ4P,UF17ZHBjCQ4=
UF9gG1dqcnVxZQcP,UFhgB1ABcklXbHIP,UGZgG1ABcklXbHFFbmtCTFdZZhxWQw4P,UFhgTlcBcklxZQcP,UF9gTlUBcllxZQcP,UF9gTlUBcllxZQcP
UF9gG1dqcnVxZQcP,UFhgB1ABcklXbHIP,UGZgG1ABcklXbHFFbmtCTFdqfhxWQw4P,V3t4A1ABcklXZQcP,V3t4G1BqfklXZQcP,V3t4G1BqfklXZQcP
UF9gG1dqcnVxZQcP,UFhgB1ABcklXbHIP,UGZgG1ABcklXbHFFUGt4TFdlfhxWQw4P,UF54UFUBUElXbHIP,UF54dldqcllWbGUDYQNwQw==,UF54dldqcllWbGUDYQNwQw==
UF9gG1dqcnVxZQcP,UFhgB1ABcklXbHIP,UGZgG1dccklXbHFFUGtCTFdlfhxWQw4P,UGVgRlV6UElQbHEDYQBoTg==,UGVgRlV6UElQbHEDYQBoTg==,UF17ZHBjCQ4=
UF9gG1dqcnVxZQcP,UFhgB1ABcklXbHIP,UGZgG1dccklXbHFFUGt4TFdeZhxWQw4P,UGt4TlBqcklrbHFFUGIGZA==,UF54B1Z6fllgB3VFYHJ8H1dqfWNxZQ4P,UF54TlcBcllrbHVFblR8BVdqfWNxZQ4P
UF9gG1dqcnVxZQcP,UFhgB1ABcklXbHIP,UGZgG1dqcklXbHFFbmt4TFdeZmFWQw4P,UF9gB1Z6fkllB2VIUFR8B1dZZWNxZQ4P,UF9gB1V6fllkB1tIbHJ8AVdnZWNxZQ4P,UF17ZHBjCQ4=
UF9gG1dqcnVxZQcP,UFhgB1ABcklXbHIP,UGZgG1dqcklXbHFFUGRCTFdZZhxWQw4P,UF54XlABcnVXbHIP,UF54XlBqfmVlBXEAUGR7ZA==,UF54XlBqfmVlBXEAUGR7ZA==
UF9gG1dqcnVxZQcP,UF9gG1dqcklXbHIP,UGZgG1ABcklXbHFFUGt4TFdlfhxWQw4P,V3R4dlABUFlgBwoDYQNwQw==,V3t4TlV6UElRbFcDYQNwQw==,V3R4XlB6UElrbGEDYQBCTg==
UF9gG1dqcnVxZQcP,UF9gG1dqcklXbHIP,UGZgG1ABcklXbHFFUGVKTFdffllWQw4P,UF17ZHBjCQ4=,UF17ZHBjCQ4=,UF17ZHBjCQ4=
UF9gG1dqcnVxZQcP,UF9gG1dqcklXbHIP,UGZgG1dccklXbHFFUGtCTFdlfhxWQw4P,UF54WldqUFlrbFsAbmVFZA==,UF54RlV6cllWbApIYQNwZldZZl1xZQ4P,UF17ZHBjCQ4=
UF9gG1dqcnVxZQcP,UF9gG1dqcklXbHIP,UGZgG1dccklXbHFFUGt4TFdeZhxWQw4P,UGVgWlBqcnVXbHFFUGIGZA==,UGVgdlABcllgB1tIblR8Q1dlfWNxZQ4P,UGVgdlABcllgB1tIblR8Q1dlfWNxZQ4P
UF9gG1dqcnVxZQcP,UF9gG1dqcklXbHIP,UGZgG1dccklXbHFFUGVwTFdffhxWQw4P,UGR4A1ABUElXbFdFUFR8BldnZWNxZQ4P,UGR4A1dqfllkB2FFZUQGZA==,UGR4A1dqfllkB2FFZUQGZA==
UF9gG1dqcnVxZQcP,UF9gG1dqcklXbHIP,UGZgG1dqcklXbHFFbmt4TFdeZmFWQw4P,UGR4TlZ6UElRbHFFbmIGZA==,UGt4WldqcmVUbHFFUFR8BFB1fnFxZQ4P,UF17ZHBjCQ4=
UF9gG1dqcnVxZQcP,UF9gG1dqcklXbHIP,UGZgG1dqcklXbHFFUGRCTFdffhxWQw4P,UGt4A1BccklXbHIP,UF9gdlUBfmVobEcDYQFoHw==,UF9gdlUBfmVobEcDYQFoHw==
UF9gG1dqcnVxZQcP,UF9gG1dqcklXbHIP,UGZgG1dqcklXbHFFUGRCTFdeZhxWQw4P,V3R4A1UBcllXbHIP,V3t4B1ABUFllB3UDYQJzZA==,V3t4B1ABUFllB3UDYQJzZA==
UF9gG1dqcnVxZQcP,UF9gG1dqcklXbHIP,UGZgG1dqcklXbHFFUGRCTFdZZhxWQw4P,UFhgUFZ6cklXbHIP,UFhgXldqcllgB2UDYQAHBw==,UFhgXldqcllgB2UDYQAHBw==
UF9gG1dqcnVxZQcP,UGR4TlB6cklXbHIP,UF54WlcBcmVgB0dFUGtCTFdcfhxWQw4P,UF54G1B6fklXbHIP,UGZgA1dccklXZQcP,UF17ZHBjCQ4=
UF9gG1dqcnVxZQcP,UGR4TlB6cklXbHIP,UF54XlcBcnVXbEdFUGtCTFdcfhxWQw4P,UGVgUFcBfklobHFFUGIGZA==,UF9gZlZ6UElRbHFFYUQGZA==,UF17ZHBjCQ4=
UF9gG1dqcnVxZQcP,UGR4TlB6cklXbHIP,UF54XlcBcnVWbHlFUGtCTFdcfhxWQw4P,UF9gUFBccklXZQcP,UF9gRlcBcklXZQcP,UF17ZHBjCQ4=
UF9gG1dqcnVxZQcP,UGR4TlB6cklXbHIP,UF54XlcBcnVUbHFFUGtoTFdcfhxWQw4P,UFhgTldqcklQbHlFZQB4ZldqfWNxZQ4P,UGVgXlUBfllXbGEAblR8BVdkZWNxZQ4P,UF17ZHBjCQ4=
